rfc_num,undefined_names,num,Problem,Example
6020,"['length-arg-str', 'container-keyword', 'choice-keyword', 'status-keyword', 'config-arg-str', 'notification-keyword', 'status-arg-str', 'range-arg-str', 'system-keyword', 'refine-keyword', 'argument-keyword', 'belongs-to-keyword', 'yang-version-keyword', 'rpc-keyword', 'min-keyword', 'description-keyword', 'leaf-list-keyword', 'pattern-keyword', 'range-keyword', 'identifier-arg-str', 'must-keyword', 'base-keyword', 'extension-keyword', 'max-elements-keyword', 'if-feature-keyword', 'uses-augment-arg-str', 'import-keyword', 'typedef-keyword', 'user-keyword', 'position-value-arg-str', 'max-keyword', 'not-supported-keyword', 'path-keyword', 'value-keyword', 'input-keyword', 'output-keyword', 'uri-str', 'mandatory-arg-str', 'mandatory-keyword', 'config-keyword', 'date-arg-str', 'prefix-arg-str', 'yin-element-arg-str', 'deprecated-keyword', 'true-keyword', 'length-keyword', 'organization-keyword', 'reference-keyword', 'position-keyword', 'obsolete-keyword', 'revision-keyword', 'namespace-keyword', 'min-elements-keyword', 'namespace-uri', 'require-instance-arg-str', 'augment-arg-str', 'unique-arg-str', 'units-keyword', 'false-keyword', 'unbounded-keyword', 'require-instance-keyword', 'include-keyword', 'list-keyword', 'deviation-keyword', 'bit-keyword', 'leaf-keyword', 'ordered-by-arg-str', 'min-value-arg-str', 'deviate-keyword', 'identifier-ref-arg-str', 'fraction-digits-keyword', 'deviation-arg-str', 'error-message-keyword', 'yang-version-arg-str', 'key-arg-str', 'contact-keyword', 'delete-keyword', 'augment-keyword', 'grouping-keyword', 'type-keyword', 'error-app-tag-keyword', 'identity-keyword', 'yin-element-keyword', 'submodule-keyword', 'anyxml-keyword', 'unique-keyword', 'refine-arg-str', 'prefix-keyword', 'enum-keyword', 'module-keyword', 'revision-date-keyword', 'presence-keyword', 'max-value-arg-str', 'key-keyword', 'current-keyword', 'ordered-by-keyword', 'feature-keyword', 'add-keyword', 'default-keyword', 'path-arg-str', 'uses-keyword', 'fraction-digits-arg-str', 'replace-keyword']",103,do not follow abnf,choice-keyword='choice'
5971,"['method-specific-information', 'error-class', 'even', 'Responder-Cookie', 'Session-Identification-content', 'NSLP-Data', 'encapsulated', 'Normal', 'ipsec-SPI', 'error-subcode', 'messages', 'diffserv-codepoint', 'destination-address', 'RS-validity-time', 'interface-address', 'are', 'network-layer-version', 'Alert', 'message-routing-method', 'Q-mode', 'Hello-ID', 'Common-Header', 'common-error-header', 'at', 'MA-Hold-Time', 'peer-identity', 'D-mode', 'source-address', 'C-mode', 'Session-Identifier', 'that', 'Message-Routing-Information-content', 'IP-protocol', 'Router', 'traffic', 'IfIndex', 'Query-Cookie', 'prefix-length', 'flow-label', 'packets', 'IP-TTL', 'NAT-Traversal-Object', 'for', 'UDP']",44, def not in doc,NSLP-Data not in doc
1327,"['labelled-integer', 'object-identifier', 'registered-dd-type', 'std-or', 'dl-history', 't61-encoded', 'Assigned', 'MD', 'dmn-printablestring', 'Original', 'Subscription', 'MHS', 'ipn-non-receipt', 'ipn-discarded', 'delivered', 'following', 'project-team', 'ipn-receipt', 'is', 'Requested', 'printable-string', 'types', 'object-identifer', 'dr-recip-failure', 'successfully', 'std-printablestring', 'was', 'Alternate', 'were', 'ipn-auto-forwarded', 'given', 'information']",32,do not follow the abnf rule,"ipn-auto-forwarded = ""was automatically forwarded."" <CRLF>
                        [ ""The following comment was made:""
                                auto-comment ]"
2156,"['labelled-integer', 'object-identifier', 't61-encoded', 'Assigned', 'MD', 'dmn-printablestring', 'boundary-1', 'Original', 'Subscription', 'MHS', 'ipn-non-receipt', 'ipn-discarded', 'delivered', 'following', 'ipn-receipt', 'is', 'Requested', 'printable-string', 'types', 'Again', 'Look', 'dr-recip-failure', 'successfully', 'std-printablestring', 'was', 'Alternate', 'were', 'ipn-auto-forwarded', 'given', 'information', 'labelled-integer-2']",31,do not follow the abnf rule,"two equal sign :""      dmn-printablestring =
                      = *( dmn-char / dmn-pair )"""
1138,"['labelled-integer', 'object-identifier', 'registered-dd-type', 'std-or', 'dl-history', 't61-encoded', 'Assigned', 'MD', 'dmn-printablestring', 'Subscription', 'MHS', 'ipn-non-receipt', 'ipn-discarded', 'delivered', 'following', 'ipn-receipt', 'Requested', 'printable-string', 'types', 'object-identifer', 'dr-recip-failure', 'successfully', 'std-printablestring', 'was', 'Alternate', 'were', 'ipn-auto-forwarded', 'given', 'information']",29,,
1148,"['labelled-integer', 'object-identifier', 'registered-dd-type', 'dl-history', 't61-encoded', 'Assigned', 'MD', 'dmn-printablestring', 'Subscription', 'MHS', 'ipn-non-receipt', 'ipn-discarded', 'delivered', 'following', 'ipn-receipt', 'Requested', 'printable-string', 'types', 'object-identifer', 'dr-recip-failure', 'successfully', 'std-printablestring', 'was', 'Alternate', 'were', 'ipn-auto-forwarded', 'given', 'information']",28,,"std-printablestring
                                = *( std-char / std-pair )"
5,"['point', 'pntrname', 'demand', 'relation', 'conditional', 'loopstr', 'buffername', 'returnst', 'unconditional', 'forst', 'callst', 'pipename', 'condcasest', 'idlist', 'startbuffer', 'ithcasest', 'gost', 'real', 'bufappend', 'conjunct', 'deletepntr', 'ername', 'buildmes']",23,,
8313,"['point', 'edge', 'multicast', 'tunnel', 'AD-2', 'connecting', 'peering', 'non-multicast-enabled', 'at', 'through', 'Relay', 'interconnection', 'gateway', 'network', 'AD-1', 'in', 'pmtu', 'AMT', 'relay', 'across', 'EU', 'between']",22,,
2660,"['key-name', 'Mobility', 'cryptopt', 'DES-CBC', 'name-domain', 'DES-ECB', 'NIST-DSS', 'pattern-data', 'Registration', 'RSA-MD5', 'copied', 'key-use', 'Agent', 'Router', 'Ciphers', 'Hdr-Cipher', 'Advertisement', 'the', 'Key-Name', 'of']",20,"
","name-domain not in doc
e.g. ""Key-name = string"", string be parsed as rulename instead of string variable."
4324,"['any-prop-or-comp', 'x-cmd', 'cap-prop', 'literal-data', 'newlocale', 'deleteparam', 'iana-cmd', 'NOT', 'identifyparam', 'sequence', 'agendacprop', 'createparam', 'cap-param', 'modifyparam', 'carprop', 'x-id', 'other-levels', 'set-locale-cmd', 'continueparam', 'capabilityparam']",20,"def not in doc
","e.g., ""cap-prop   = ; A property that may be in the 'cap-comp' named
                  ; in the ""SELECT"" clause.""   "
2967,"['home-postal', 'FULL', 'update-type', 'org-postal', 'r-o-l', 'dag-matchtype', 'ri-and-expr', 'sap-query', 'index-info', 'Delete', 'host-number', 'DN', 'server-to-askdata', 'Add', 'r-string', 'taglist', 'normalbyte', 'SERVER-TO-ASK']",18,,
3951,"['inlag-3', 'buffer-index', 'ihigh-5', 'buffer-index-5', 'lMem-k', 'len-1-k', 'buffer-icount-4', 'inlag-1', 'start-1', 'buffer-icount', 'buffer-5', 'icount-4', 'eIndAug-39', 'bLen-lag', 'buffer-4', 'range-1', 'index-5']",17,,
3108,"['pint-fmtp-attribute', 'rfc2327-attribute', 'tn-proto', 'c-ip-addrtype-addr', 'decimal-U24-or-null', 'atm-type-addr', 'oui', 'ip-addrtype-addr', 'generic-U12', 'tn-addrtype-addr', 'rfc2327-media-field', 'atm-attribute', 'rfc2848-media-field', 'q763plan-attribute', 'portid', 'tn-fmt-list']",16,,
5664,"['reservations', 'edge', 'end-to-end', 'vevent', 'two-level', 'requesting', 'for', 'incrementing', 'the', 'first', 'plork', 'each', 'RSVP', 'UDP', 'up', 'striping']",16,,
8840,"['rtcp-mux-attribute', 'end-of-candidates-attribute', 'ice-lite-attribute', 'ice-pacing-attribute', 'bundle-group-attribute', 'rtcp-mux-only-attribute', 'candidate-attributes', 'end-of-candidates', 'ice-ufrag-attribute', 'ice-pwd-attribute', 'rtcp-mux', 'rfc2327-media-field', 'rfc2848-media-field', 'remote-candidate-attribute', 'ice-options-attribute']",15,,
2326,"['mu-law', 'web', 'wave', 'came', 'of', 'now-', 'page', 'sendrecv', 'Interior', 'Router', 'Usage', 'Example', 'An', 'RTSP']",14,,
7644,"['userName', 'userType', 'pr', 'eq', 'Issac', 'Username', 'schemas', 'of', 'Works', 'Eq', 'Collected', 'sw', 'Review']",13,,
2232,"['LU-LU', 'sessions', 'DLUR', 'stop', 'means', 'when', 'the', 'continue', 'that', 'be', 'will', 'interrupted']",12,,
5675,"['notification', 'Bursts', 'Sum', 'SNMP', 'my-certificate', 'the', 'that', 'of', 'Burst', 'Durations', 'carrying', 'is']",12,,
7826,"['mu-law', 'challenge-list', 'ipath-empty', 'wave', 'of', 'now-', 'auth-param-list', 'Usage', 'Example', 'path-empty', 'An', 'RTSP']",12,,
8610,"['nint', 'float32', 'float-range', 'porridge', 'cereal', 'milk', 'bignint', 'float64', 'float16', 'biguint', 'basic-header-group', 'water']",12,,
8649,"['second-generation', 'public', 'naming', 'QUOTATION', 'the', 'conventions', 'third-generation', 'of', 'Thumbprint', 'notation', 'ABNF', 'Root']",12,,
720,"['at', 'Unacceptable', 'Group-Name', 'Resources', 'Net', 'Pathname', 'uri-host', 'of', 'Secondary-File', 'Acceptable', 'Use']",11,,
1532,"['determine', 'mechanisms', 'as', 'for', 'routing', 'the', 'Agent', 'datagram', 'given', 'IP-Address', 'using']",11,,
1542,"['determine', 'mechanisms', 'as', 'for', 'routing', 'the', 'Agent', 'datagram', 'given', 'IP-Address', 'using']",11,,
2609,"['edge', 'schemechar', 'Net-Transducer', 'safe-char', 'attr-id', 'ports', 'Mandatory', 'ipx-node', 'bank', 'ipx-net', 'ipx-socket']",11,,
2777,"['on', 'getinteger', 'same', 'concepts', 'as', 'based', 'items', 'the', 'of', 'be', 'Algorithmic']",11,,
5974,"['RSN', 'RII', 'MSG-ID', 'SESSION-ID-LIST', 'QSPEC', 'INFO-SPEC', 'REFRESH-PERIOD', 'BOUND-MSG-ID', 'RSN-LIST', 'PACKET-CLASSIFIER', 'COMMON-HEADER']",11,,
7374,"['GET-RESPONSE-TLV', 'new', 'for', 'Fetch', 'level-1', 'the', 'PATH-DATA-TLV', 'sendrecv', 'out', 'carry', 'tree']",11,,
8866,"['landscape', 'the', 'portrait', 'meeting', 'version-field', 'moderated', 'rfc2327-media-field', 'rfc2848-media-field', 'seascape', 'is', 'H332']",11,,
1008,"['maximum', 'an', 'for', 'the', 'before', 'transmitting', 'information', 'bound', 'will', 'up-to-date']",10,,
2653,"['Rsp-Content', 'NEWLINE', 'Indx-Obj-Type', 'NAT-Traversal-Object', 'Req-Hdrs', 'NSLP-Data', 'Rsp-Hdrs', 'Session-Identifier', 'Req-Content', 'Common-Header']",10,,
3743,"['point', 'machine', 'set-union', 'first', 'the', 'followed', 'with', 'YYYYMMDD', 'Virtual', 'Reflist']",10,,
3797,"['on', 'getinteger', 'concepts', 'those', 'based', 'items', 'similar', 'of', 'be', 'Algorithmic']",10,,
4463,"['RECOGNITION-START-TIMERS', 'SET-PARAMS', 'RECOGNITION-COMPLETE', 'Url', 'STOP', 'GET-PARAMS', 'GET-RESULT', 'RECOGNIZE', 'START-OF-SPEECH', 'DEFINE-GRAMMAR']",10,,
4568,"['RTP', 'way', 'sessions', 'this', 'in', 'master', 'srtp-crypto-suite', 'shares', 'among', 'serially']",10,,
7499,"['Fragmentation-Supported', 'in', 'the', 'first', 'ensures', 'that', 'More-Data-Request', 'Additional-Authorization', 'sendrecv', 'More-Data-Pending']",10,,
8855,"['ERROR-CODE', 'BENEFICIARY-INFORMATION-HEADER', 'FLOOR-REQUEST-ID', 'SUPPORTED-PRIMITIVES', 'FLOOR-REQUEST-STATUS-HEADER', 'OVERALL-REQUEST-STATUS-HEADER', 'FLOOR-REQUEST-INFORMATION-HEADER', 'SUPPORTED-ATTRIBUTES', 'REQUESTED-BY-INFORMATION-HEADER', 'COMMON-HEADER']",10,not in  doc,COMMON-HEADER  not in doc
2202,"['ya', 'Using', 'SHA-1', 'for', 'Block-Size', 'Larger', 'Than', 'do', 'want']",9,,
2290,"['Address', 'Configure-Ack', 'Mobile-IPv4', 'an', 'Care-Of', 'Configure-Reject', 'Configure-Nak', 'IP-Address', 'Configure-Request']",9,,
2848,"['pint-fmtp-attribute', 'Q763-nature-tag', 'ISDN', 'Q763-INN-tag', 'att-tag-list', 'Q763-plan-tag', 'pre-sales', 'q763plan-attribute', 'opaque-ref']",9,,
3075,"['resource', 'Identifies', 'armor-tail', 'the', 'containing', 'XML', 'of', 'armor-header', 'nodeset']",9,,
3275,"['resource', 'Identifies', 'node-set', 'armor-tail', 'the', 'containing', 'XML', 'of', 'armor-header']",9,,
7417,"['reservations', 'end-to-end', 'Aggregator', 'requesting', 'Deaggregator', 'RSVP', 'uri-host', 'Router', 'Interior']",9,,
8851,"['rid-height-param', 'rid-width-param', 'rid-br-param', 'rid-pps-param', 'rid-depend-param', 'rid-fmt-list', 'rid-fps-param', 'rid-bpp-param', 'rid-fs-param']",9,,
8853,"['sc-recv', 'Multi-Source', 'Offer', 'NI-TC', 'Redundancy', 'Client', 'sc-send', 'Simulcast-Enabled', 'using']",9,,
1405,"['gateway', 'RFC822-address', 'conversion', 'performing', 'the', 'of', 'X400-text-address', 'for-protocol']",8,,
1942,"['on', 'particular', 'aligning', 'for', 'sendrecv', 'used', 'cell', 'is']",8,,
2002,"['Mobility', 'Advertisement', 'the', 'Agent', 'of', 'Router', 'Registration', 'copied']",8,,
2162,"['gateway', 'RFC822-address', 'conversion', 'performing', 'the', 'of', 'X400-text-address', 'for-protocol']",8,,
2295,"['machine', 'feature-expr', 'the', 'variant-list', 'with', 'negotiate-directive', 'Virtual', 'is']",8,,
2426,"['phone-number-value', 'bstr', 'iana-type', 'snd-inline-param', 'float-value', 'date-time-value', 'snd-line-value', 'img-inline-param']",8,,
3220,"['Mobility', 'Advertisement', 'the', 'Agent', 'of', 'Router', 'Registration', 'copied']",8,,
3344,"['Mobility', 'Advertisement', 'the', 'Agent', 'of', 'Router', 'Registration', 'copied']",8,,
3539,"['NAS', 'Home', 'trip', 'Re-direct', 'One-way', 'request', 'Trip', 're-direct']",8,,
3958,"['RR', 'in', 'for', 'SRV', 'first', 'NAPTR', 'of', 'RRs']",8,,
4804,"['reservations', 'end-to-end', 'Aggregator', 'requesting', 'Deaggregator', 'RSVP', 'tunnel', 'uri-host']",8,,
5141,"['longer', 'NAT-Traversal-Object', 'NSLP-Data', 'Session-Identifier', 'isodefined', 'no', 'Recommendation', 'Common-Header']",8,,
5944,"['Mobility', 'Advertisement', 'the', 'Agent', 'of', 'Router', 'Registration', 'copied']",8,,
7143,"['on', 'third-party', 'Bob-s', 'operational', 'that', 'FastAbort', 'Disk', 'is']",8,,
7869,"['bits-per-pixel', 'green-shift', 'red-shift', 'blue-max', 'blue-shift', 'green-max', 'red-max', 'true-color-flag']",8,,
8461,"['sts-policy-version-field', 'sts-policy-version-value', 'sts-policy-mx-field', 'sts-policy-mode-value', 'sts-policy-max-age-field', 'sts-version', 'sts-id', 'sts-policy-mode-field']",8,,
2536,"['SHA-1', 'Have', 'Sense', 'Of', 'Security', 'Strange', 'People']",7,,
3076,"['receives', 'in', 'an', 'the', 'only', 'since', 'canonical']",7,,
3977,"['list-newsgroups-content', 'naming', 'the', 'conventions', 'of', 'ABNF', 'notation']",7,,
4047,"['tcp', 'conform', 'particular', 'does', 'services', 'FITS', 'standard']",7,,
4876,"['as', 'defined', 'in', 'UTF-8', 'serviceID', 'SASL', 'encoded']",7,,
5592,"['can', 'an', 'the', 'derived', 'that', 'be', 'implementation-dependent']",7,,
6257,"['as', 'defined', 'in', 'TCP', 'the', 'Bundle', 'Specification']",7,,
6748,"['interface', 'on', 'Ceiling', 'Router', 'Border', 'of', 'Site']",7,,
7415,"['throttled', 'reasonable', 'burst', 'sendrecv', 'compromise', 'is', 'between']",7,,
8130,"['for', 'incrementing', 'first', 'the', 'each', 'of', 'up']",7,,
8238,"['bstr', 'machine', 'sequence', 'per', 'tested', 'be', 'Virtual']",7,,
8582,"['abatement', 'reasonable', 'burst', 'sendrecv', 'compromise', 'is', 'between']",7,,
987,"['std-printablestring', 'registered-dd-type', 'SMTP', 'given', 'a-char', 'dmn-printablestring']",6,,
1341,"['local-file', 'Jun', 'mail-server', 'ANON-FTP', 'unique-boundary-2', 'unique-boundary-1']",6,,
1521,"['local-file', 'Jun', 'mail-server', 'ANON-FTP', 'unique-boundary-2', 'unique-boundary-1']",6,,
1849,"['paren-char', 'rnews', 'text-character', 'zone-name', 'your', 'compressed-batch']",6,,
1891,"['hexadecimal', 'ASCII', 'followed', 'immediately', 'case', 'two']",6,,
1894,"['hexadecimal', 'ASCII', 'followed', 'immediately', 'case', 'two']",6,,
2234,"['additional-alternatives', 'alt5', 'alt4', 'alt1', 'alt2', 'alt3']",6,,
2311,"['insert', 'agents', 'greater-', 'some', 'sendrecv', 'will']",6,,
2410,"['Have', 'Sense', 'Of', 'Security', 'Strange', 'People']",6,,
2654,"['update-type', 'index-info', 'Delete', 'Add', 'name-space', 'taglist']",6,,
2958,"['FULL', 'HANDLE', 'server-to-askdata', 'SUMMARY', 'ABRIDGED', 'SERVER-TO-ASK']",6,,
3461,"['hexadecimal', 'ASCII', 'followed', 'immediately', 'case', 'two']",6,,
3645,"['described', 'unique', 'in', 'msg-atom', 'globally', 'client-generated']",6,,
3851,"['insert', 'agents', 'greater-', 'some', 'sendrecv', 'will']",6,,
4234,"['additional-alternatives', 'alt5', 'alt4', 'alt1', 'alt2', 'alt3']",6,,
4860,"['reservations', 'end-to-end', 'requesting', 'RSVP-AGGREGATE-IP4', 'RSVP', 'uri-host']",6,,
5048,"['on', 'third-party', 'operational', 'that', 'FastAbort', 'is']",6,,
5234,"['additional-alternatives', 'alt5', 'alt4', 'alt1', 'alt2', 'alt3']",6,,
5245,"['component-ID', 'whose', 'for', 'each', 'stream', 'remote-candidates']",6,,
5261,"['unique', 'could', 'the', 'be', 'located', 'with']",6,,
5272,"['id-ct-PKIData', 'SHA-1', 'id-ct-PKIResponse', 'id-envelopedData', 'id-data', 'HMAC-SHA1']",6,,
5751,"['insert', 'agents', 'greater-', 'some', 'sendrecv', 'will']",6,,
5792,"['at', 'arriving', 'leaving', 'VPN', 'Normal', 'stack']",6,,
9022,"['incrementing', 'for', 'first', 'the', 'each', 'up']",6,,
9078,"['thumbs-down', 'frowning-face', 'grinning-face', 'thumbs-up', 'crying-face', 'emoji-sequence']",6,,
707,"['COMMAND', 'CALL', 'procedure-name', 'REQUEST', 'op-code']",5,,
713,"['p-XTRA', 'particular', 'identify', 'the', 'yz']",5,,
1249,"['remove', 'make', 'for', 'the', 'sole']",5,,
1751,"['picture', 'my', 'This', 'latest', 'is']",5,,
2046,"['local-file', 'Jun', 'mail-server', 'ANON-FTP', 'main']",5,,
2068,"['transfer-', 'md5-digest', 'hex-no-zero', 'uri-host', 'basic-cookie']",5,,
2244,"['acl', 'resp-code-refer', 'metadata-type-q', 'response-refer', 'comparator']",5,,
2324,"['safe-nature', 'addition-range', 'isodefined', 'coffee-scheme', 'safe-condition']",5,,
2569,"['error-status', 'printer-name', 'client-host-name', 'files', 'file-name']",5,,
2614,"['tother', 'attr-id', 'sother', 'scope-name', 'surl']",5,,
2657,"['at', 'Umea', 'Lund', 'over', 'Swedish']",5,,
3134,"['Errored', 'Transmitted', 'Cell', 'Blocks', 'Severely']",5,,
3266,"['feed', 'video', 'live', 'satellite', 'Mars-II']",5,,
3402,"['Expression', 'Extended', 'POSIX', 'delim-char', 'Regular']",5,,
3794,"['big-endian', 'on', 'Seminar', 'the', 'little-endian']",5,,
4408,"['msg-atom', 'the', 'performing', 'ip6-network', 'of']",5,,
4497,"['NOT', 'P-Asserted-Identity', 'sendrecv', 'generate', 'SHALL']",5,,
5297,"['at', 'arriving', 'xor', 'Normal', 'stack']",5,,
5810,"['SET-TLV', 'SET-RESPONSE-TLV', 'PATH-DATA-TLV', 'GET-TLV', 'GET-RESPONSE-TLV']",5,,
5988,"['at', 'exist', 'the', 'may', 'URI-Reference']",5,,
6216,"['z9hG4bK-d8754z-c785a077a9a8451b-1---d8754z-', 'z9hG4bK-d8754z-97a26e59b7262b34-1---d8754z-', 'z9hG4bK-d8754z-3a922b6dc0f0ff37-1---d8754z-', 'z9hG4bK-d8754z-c276232b541dd527-1---d8754z-', 'sha1']",5,,
6573,"['Issac', 'of', 'Works', 'Collected', 'Review']",5,,
7004,"['Bursts', 'Sum', 'of', 'Burst', 'Durations']",5,,
7208,"['msg-atom', 'the', 'performing', 'ip6-network', 'of']",5,,
8032,"['D-C', 'B-E', 'A-B', 'e13566f826321eece65e02c593bc7d885b3dbe23', 'B-A']",5,,
8322,"['whose', 'an', 'that', 'sendrecv', 'is']",5,,
8428,"['bstr', 'tstr', 'decfrac', 'b-label', 'non-b-label']",5,,
8829,"['rtcp-mux-only', 'end-of-candidates', 'bundle-only', 'rtcp-mux', 'rtcp-rsize']",5,,
8994,"['rsub', 'system-dependent', 'sync-only', 'pmtu', 'acp-domain-name']",5,,
9039,"['opsbody', 'osbody', 'orgbody', 'macbody', 'owbody']",5,,
1345,"['LETTER', 'CYRILLIC', 'SMALL', 'CAPITAL']",4,,
1738,"['schemepart', 'hsegment', 'psegment', 'grouppart']",4,,
2058,"['Enter', 'at', 'Framed-User', 'Login-User']",4,,
2083,"['MAXINSAMPLE', 'audio', 'im', 'insample']",4,,
2104,"['ya', 'for', 'do', 'want']",4,,
2138,"['Enter', 'at', 'Framed-User', 'Login-User']",4,,
2286,"['ya', 'for', 'do', 'want']",4,,
2617,"['request-uri', 'base64-user-pass', 'digest-challenge', 'auth-info']",4,,
2640,"['command-unrecognized', 'unsupported-parameter', 'bad-argument', 'lang-ok']",4,,
2897,"['DurationVarToken', 'DIGITPATTERN', 'SEGID', 'IncludeEndInputKey']",4,,
3080,"['mapping', 'seqno', 'msgno', 'ansno']",4,,
3155,"['in', 'loss', 'steady-state', 'round-trip']",4,,
3659,"['raw', 'os-name', 'os-depend-fact', 'utf-8-name']",4,,
3781,"['reordersStatement', 'augmentsStatement', 'expandsStatement', 'indexStatement']",4,,
3981,"['entity-class', 'resolution-method', 'entity-name', 'registry-urn']",4,,
4130,"['enveloped-data', 'AS2-disposition-field', 'disposition-notification', 'mail-address']",4,,
4634,"['in', 'bits', 'of', 'the']",4,,
6234,"['in', 'bits', 'of', 'the']",4,,
6455,"['original-octet-i', 'base64-value-non-empty', 'masking-key-octet-j', 'XOR']",4,,
6616,"['laser', 'indicating', 'in', 'the']",4,,
6618,"['status-value', 'RFC4282-NAI', 'suite', 'a-method']",4,,
6875,"['hint', 'Flag', 'cost', 'of']",4,,
7058,"['z9hG4bK-d8754z-9b07c8201c3aa510-1---d8754z-', 'z9hG4bK-d8754z-22940f5f4589701b-1---d8754z-', 'z9hG4bK-d8754z-5246003419ccd662-1---d8754z-', 'z9hG4bK-d8754z-8723e421ebc45f6b-1---d8754z-']",4,,
7693,"['in', 'bits', 'of', 'the']",4,,
7825,"['H4sICGjBsEcCA3Rlc3RzLX', 'asd88fgpdd777uzjYhagZg', 'OfdXHws9XX0eBr6j2zz9Ak', 'rtsp-ice-d-m']",4,,
8029,"['Stack-R', 'extracted', 'at', 'depth']",4,,
8216,"['es', 'an', 'un', 'is']",4,,
9222,"['among', 'peers', 'choice', 'A-1']",4,,
55,"['Incorrect', 'QUOTATION', 'HOMOSEX']",3,,
675,"['nominal', 'long-term', 'the']",3,,
1314,"['Los', 'of', 'map']",3,,
1331,"['Receive-Code-Reject', 'Receive-Protocol-Reject', 'Receive-Configure-Request']",3,,
1548,"['Receive-Code-Reject', 'Receive-Protocol-Reject', 'Receive-Configure-Request']",3,,
1661,"['Receive-Code-Reject', 'Receive-Protocol-Reject', 'Receive-Configure-Request']",3,,
2069,"['request-uri', 'digest-challenge', 'unquoted']",3,,
2253,"['QUOTATION', 'quotechar', 'sother']",3,,
2543,"['SIP-version', 'pgp-eparams', 'pgp-challenge']",3,,
2562,"['TotalIpRtsSliding', 'TotalRtsSliding', 'AvgCountTrans']",3,,
2612,"['of', 'quad-round', 'the']",3,,
2748,"['for', 'as', 'Decision']",3,,
3015,"['InterruptByNewSignalsDescrToken', 'EmbedSig', 'transactionID']",3,,
3219,"['PENTADECIMAL-DIGIT', 'E164-DIGIT', 'DECIMAL-DIGIT']",3,,
3310,"['aka-nonce-value', 'auts-value', 'AKAv1-MD5']",3,,
3507,"['Generic-Field-Value', 'Request-Fields', 'Response-Fields']",3,,
3720,"['Disk', 'Bob-s', 'Pick-A-Logged-In-']",3,,
3961,"['XOR', 'of', 'des-cbc']",3,,
4141,"['msg-atom', 'permitted', 'permitted-list']",3,,
4231,"['ya', 'do', 'want']",3,,
4269,"['tcp', 'services', 'particular']",3,,
4418,"['xor', 'encrypted', 'with']",3,,
4758,"['in', 'dsLen', 'ROUND']",3,,
4790,"['other-uri', 'Language-tag', 'collation-prefix']",3,,
4868,"['ya', 'do', 'want']",3,,
4918,"['TimeType', 'compliance-class', 'Simple-ref']",3,,
5965,"['msg-atom', 'reverse-path', 'forward-path']",3,,
6190,"['NI-T', 'I-C', 'NI-TC']",3,,
6442,"['sips-URI', 'sip-URI', 'pres-URI']",3,,
6654,"['edge', 'customer', 'device']",3,,
6683,"['AL-FEC', 'DVB-IPTV', 'Example']",3,,
7444,"['Feb', 'XML', 'with']",3,,
8007,"['Trigger-Status-Resource', 'Trigger-Collection', 'CIT-command']",3,,
8171,"['message-level', 'record-level', 'non-zero']",3,,
8180,"['TSCH', 'Channel', 'Slotframe']",3,,
8295,"['certs-only', 'CMC-response', 'CMC-request']",3,,
9116,"['armor-header', 'cleartext-header', 'armor-tail']",3,,
708,"['CALL', 'procedure-name']",2,,
733,"['field-body-contents', 'fnatom']",2,,
1002,"['UNIQUE', 'FALSE']",2,,
1045,"['big-endian', 'little-endian']",2,,
1122,"['Type-of-Service', 'IP-Address']",2,,
1343,"['NEWLINE', 'implicit-wild']",2,,
1344,"['Jun', 'ANON-FTP']",2,,
1404,"['FFFFFFFE', 'FFFFFFFF']",2,,
1524,"['NEWLINE', 'implicit-wild']",2,,
1596,"['User-to-Network', 'Interface']",2,,
1604,"['User-to-Network', 'Interface']",2,,
1646,"['Character', 'Telnet']",2,,
1700,"['us-ascii', 'ia5-text']",2,,
1766,"['content-language', 'Language-tag']",2,,
1808,"['relativeURL', 'absoluteURL']",2,,
1857,"['FFFFFFFE', 'FFFFFFFF']",2,,
1895,"['CFS', 'SFC']",2,,
1977,"['cmsg', 'incode']",2,,
2157,"['object-identifier-2', 'US-ASCII']",2,,
2327,"['is', 'the']",2,,
2425,"['schemepart', 'ANON-FTP']",2,,
2478,"['GSS-MECH2', 'GSS-MECH1']",2,,
2488,"['in', 'round-trip']",2,,
2518,"['TimeType', 'extend']",2,,
2616,"['uri-host', 'md5-digest']",2,,
2716,"['EAP-TLS', 'metalinkMetalink']",2,,
2774,"['ext-decl', 'decl-ext']",2,,
2821,"['Address-literal', 'msg-atom']",2,,
2885,"['EmbedSig', 'transactionID']",2,,
2954,"['User-to-Network', 'Interface']",2,,
3082,"['scope-name', 'ip-addr']",2,,
3175,"['RSVP-AGGREGATE-IP6', 'RSVP-AGGREGATE-IP4']",2,,
3297,"['disposition-notification', 'Alternative-feature-expression']",2,,
3335,"['mail-address', 'sha1']",2,,
3525,"['InterruptByNewSignalsDescrToken', 'transactionID']",2,,
3624,"['ConnCount', 'EndpointStateParam']",2,,
3676,"['fixed-line-qt', 'non-sp-quote']",2,,
3887,"['response-info', 'command-response']",2,,
3962,"['equals', 'exceeds']",2,,
3983,"['iris-urn-abbrev', 'registry-urn-abbrev']",2,,
4483,"['Jun', 'June']",2,,
4566,"['is', 'the']",2,,
4643,"['identifying', 'the']",2,,
4750,"['referenceBandwidth', 'ifSpeed']",2,,
4762,"['Layer-2', 'Aggregation']",2,,
5104,"['call', 'Point-to-Point']",2,,
5134,"['sub-ns', 'subns']",2,,
5216,"['EAP-TLS', 'metalinkMetalink']",2,,
5547,"['file-selector', 'May']",2,,
5584,"['Streaming', 'ATRAC-X']",2,,
5631,"['aaa', 'bbb']",2,,
5803,"['stored-key', 'server-key']",2,,
5869,"['SHA-256', 'SHA-1']",2,,
5905,"['n-1', 'FALSE']",2,,
6285,"['rams-updates', 'rtcp-mux']",2,,
6498,"['mimeSubType', 'mimeMediaType']",2,,
6508,"['RSVP', 'router']",2,,
6570,"['separated', 'pairs']",2,,
6591,"['rsub', 'msg-atom']",2,,
6739,"['indicated', 'the']",2,,
6772,"['Opera', 'Neuperlach']",2,,
6803,"['equals', 'exceeds']",2,,
6873,"['z9hG4bK-1f6be070c4-DL', 'Vendor-specified']",2,,
7055,"['input', 'random-to-key']",2,,
7230,"['uri-host', 'path-empty']",2,,
7512,"['my-certificate', 'value-a']",2,,
7623,"['Data-Plane', 'View']",2,,
7838,"['uri-host', 'clear']",2,,
8435,"['plork', 'edge']",2,,
8460,"['tlsrpt-rua', 'tlsrpt-version']",2,,
8494,"['reverse-path', 'forward-path']",2,,
8551,"['enveloped-data', 'sha-256']",2,,
8589,"['frogans-address', 'pct-encoded-frogans-address']",2,,
8618,"['IPv6Address', 'IPv4Address']",2,,
8742,"['my-foo', 'my-bar']",2,,
8843,"['bundle-only', 'rtcp-mux']",2,,
8871,"['Outer', 'Inner']",2,,
9110,"['uri-host', 'path-empty']",2,,
9143,"['bundle-only', 'rtcp-mux']",2,,
9164,"['ipv6-address-or-prefix', 'ipv4-address-or-prefix']",2,,
9173,"['AAD-list', 'IPPT-list']",2,,
9176,"['impl-info', 'temperature-c']",2,,
477,['OS'],1,,
515,['CH'],1,,
721,['TCP'],1,,
822,['field-body-contents'],1,,
1005,['host-number'],1,,
1026,['dmn-printablestring'],1,,
1137,['a-char'],1,,
1228,['be'],1,,
1328,['MHS-Relay'],1,,
1374,['Agent'],1,,
1415,['Navy'],1,,
1468,['one-of-94'],1,,
1510,['XOR'],1,,
1554,['one-of-96'],1,,
1617,['CH-8001'],1,,
1689,['wide-area'],1,,
1842,['one-of-94'],1,,
1873,['tiger-lily'],1,,
1945,['basic-cookie'],1,,
2049,['unique-boundary-1'],1,,
2109,['attr-id'],1,,
2122,['vemmiservice'],1,,
2144,['Ri-1'],1,,
2167,['Organization-Name'],1,,
2183,['Feb'],1,,
2192,['imailboxlist'],1,,
2224,['relativeURL'],1,,
2229,['msg-atom'],1,,
2243,['otp-challenge'],1,,
2254,['attr-id'],1,,
2307,['encrypted'],1,,
2310,['safe-nature'],1,,
2378,['make'],1,,
2389,['command-options'],1,,
2421,['disposition-notification'],1,,
2439,['t-now'],1,,
2445,['emailprop'],1,,
2530,['media-feature-tags'],1,,
2533,['attr-id'],1,,
2596,['printable-ascii'],1,,
2608,['intval'],1,,
2652,['schemepart'],1,,
2676,['decimal'],1,,
2705,['localEndpointName'],1,,
2738,['attr-id'],1,,
2822,['obs-zone'],1,,
2829,['utf8string'],1,,
2831,['qdstr-val'],1,,
2832,['registrar-password-option'],1,,
2957,['normalbyte'],1,,
2965,['attr-id'],1,,
2992,['regionsize'],1,,
3050,['Response-Name'],1,,
3081,['seqno'],1,,
3094,['DPC-SI'],1,,
3111,['num-addr'],1,,
3249,['disposition-notification'],1,,
3282,['Language-tag'],1,,
3334,['nw-b'],1,,
3368,['common-name'],1,,
3391,['messageNumber'],1,,
3421,['key-name'],1,,
3464,['delivery-status'],1,,
3501,['x-command'],1,,
3550,['COMPENSATION'],1,,
3579,['EAP-TLS'],1,,
3625,['VRAT'],1,,
3640,['AAC-lbr'],1,,
3780,['anyValue'],1,,
3801,['disposition-notification'],1,,
3804,['amis-d'],1,,
3875,['request-body'],1,,
3876,['attr-id'],1,,
3885,['some-large-random-number'],1,,
3920,['resource'],1,,
3966,['local-number-digits'],1,,
3986,['path-empty'],1,,
3987,['ipath-empty'],1,,
4088,['alice'],1,,
4134,['enveloped-data'],1,,
4165,['Pre-selected'],1,,
4227,['UTF-8'],1,,
4466,['filter-name'],1,,
4514,['TUTF1'],1,,
4515,['attr-id'],1,,
4516,['LDAPString'],1,,
4529,['internet'],1,,
4542,['Proxy'],1,,
4559,['gssapi-data'],1,,
4585,['rtcp-fb-param'],1,,
4644,['Article'],1,,
4653,['FlightSize'],1,,
4662,['sha1'],1,,
4707,['pgp-ascii-armor-start'],1,,
4737,['True'],1,,
4793,['OTP-X'],1,,
4825,['QName'],1,,
4865,['Internet-style-date-time-UTC'],1,,
4975,['Content-Description'],1,,
5064,['folded-URI'],1,,
5118,['z9hG4bKas3-111'],1,,
5170,['i-1'],1,,
5322,['obs-zone'],1,,
5451,['rsub'],1,,
5466,['filter-name'],1,,
5475,['initval'],1,,
5537,['Original-Sender-header'],1,,
5552,['my-certificate'],1,,
5572,['DIGEST-MD5'],1,,
5724,['local-number-digits'],1,,
5761,['rtcp-mux'],1,,
5762,['rtcp-mux'],1,,
5931,['pwd-value'],1,,
5953,['match'],1,,
6080,['Jan'],1,,
6265,['extension-av'],1,,
6284,['rtcp-mux'],1,,
6353,['match'],1,,
6453,['SUBNAMESPACE-SPECIFIC-STRING'],1,,
6474,['DEATHDATE-param-text'],1,,
6531,['U-label'],1,,
6579,['Disclosures'],1,,
6617,['ske-value'],1,,
6643,['acme-RMON2-MIB-deviations'],1,,
6651,['dkim-errors'],1,,
6679,['rtcp-rsize'],1,,
6690,['URI-Reference'],1,,
6740,['Transport-layer'],1,,
6775,['all-router-link-scope-multicast'],1,,
6830,['IP-Header-Length'],1,,
6837,['DNS-ID'],1,,
7001,['rsub'],1,,
7034,['SERIALIZED-ORIGIN'],1,,
7193,['TAMP-statusResponse'],1,,
7234,['uri-host'],1,,
7601,['rsub'],1,,
7616,['request-uri'],1,,
7738,['SUBNAMESPACE-SPECIFIC-STRING'],1,,
7798,['max-dpb'],1,,
7804,['hash-name'],1,,
7914,['scryptBlockMix'],1,,
7925,['EAP-TLS'],1,,
7937,['FIENAME'],1,,
7945,['User-Generated'],1,,
7986,['video'],1,,
8018,['CEIL'],1,,
8034,['TRUE'],1,,
8035,['rtcp-mux'],1,,
8040,['tdate'],1,,
8058,['One-Click'],1,,
8152,['tstr'],1,,
8188,['zyeH5phsIsgUyd4oiSEIy35x-gIi4aM7y0hCF8mwn9g'],1,,
8285,['extmap-allow-mixed'],1,,
8288,['URI-Reference'],1,,
8298,['N-k'],1,,
8342,['read-write'],1,,
8441,['permessage-deflate'],1,,
8484,['AAABAAABAAAAAAAAAWE-NjJjaGFyYWN0ZXJsYWJl'],1,,
8586,['uri-host'],1,,
8599,['acme-param'],1,,
8601,['rsub'],1,,
8686,['yields'],1,,
8802,['Q4S-Version'],1,,
8823,['signed-data'],1,,
8859,['rtcp-mux'],1,,
8887,['permessage-deflate'],1,,
8894,['SCEPPATH'],1,,
8995,['sync-only'],1,,
9052,['tstr'],1,,
9071,['rtt-mixer'],1,,
9112,['uri-host'],1,,
9115,['regtext'],1,,
9190,['EAP-TLS'],1,,
9209,['before'],1,,
9271,['getsubcommnd'],1,,
9290,['tag38'],1,,
9300,['IP-Header-Length'],1,,
48,[],0,,
70,[],0,,
76,[],0,,
82,[],0,,
360,[],0,,
407,[],0,,
490,[],0,,
565,[],0,,
622,[],0,,
741,[],0,,
757,[],0,,
760,[],0,,
761,[],0,,
781,[],0,,
782,[],0,,
791,[],0,,
805,[],0,,
809,[],0,,
832,[],0,,
833,[],0,,
834,[],0,,
835,[],0,,
836,[],0,,
837,[],0,,
838,[],0,,
839,[],0,,
842,[],0,,
843,[],0,,
845,[],0,,
846,[],0,,
882,[],0,,
886,[],0,,
898,[],0,,
902,[],0,,
905,[],0,,
908,[],0,,
920,[],0,,
937,[],0,,
1046,[],0,,
1055,[],0,,
1058,[],0,,
1063,[],0,,
1073,[],0,,
1085,[],0,,
1095,[],0,,
1108,[],0,,
1123,[],0,,
1134,[],0,,
1142,[],0,,
1144,[],0,,
1171,[],0,,
1186,[],0,,
1205,[],0,,
1244,[],0,,
1255,[],0,,
1274,[],0,,
1279,[],0,,
1292,[],0,,
1320,[],0,,
1321,[],0,,
1330,[],0,,
1342,[],0,,
1352,[],0,,
1446,[],0,,
1465,[],0,,
1484,[],0,,
1485,[],0,,
1486,[],0,,
1491,[],0,,
1492,[],0,,
1494,[],0,,
1505,[],0,,
1506,[],0,,
1522,[],0,,
1528,[],0,,
1549,[],0,,
1557,[],0,,
1564,[],0,,
1569,[],0,,
1574,[],0,,
1578,[],0,,
1593,[],0,,
1608,[],0,,
1615,[],0,,
1632,[],0,,
1644,[],0,,
1648,[],0,,
1649,[],0,,
1662,[],0,,
1664,[],0,,
1685,[],0,,
1703,[],0,,
1711,[],0,,
1746,[],0,,
1755,[],0,,
1768,[],0,,
1779,[],0,,
1781,[],0,,
1786,[],0,,
1795,[],0,,
1801,[],0,,
1802,[],0,,
1824,[],0,,
1835,[],0,,
1836,[],0,,
1837,[],0,,
1838,[],0,,
1847,[],0,,
1848,[],0,,
1867,[],0,,
1872,[],0,,
1876,[],0,,
1889,[],0,,
1893,[],0,,
1914,[],0,,
1936,[],0,,
1952,[],0,,
1978,[],0,,
2015,[],0,,
2017,[],0,,
2020,[],0,,
2022,[],0,,
2024,[],0,,
2034,[],0,,
2040,[],0,,
2047,[],0,,
2056,[],0,,
2065,[],0,,
2067,[],0,,
2070,[],0,,
2110,[],0,,
2111,[],0,,
2112,[],0,,
2116,[],0,,
2136,[],0,,
2159,[],0,,
2163,[],0,,
2164,[],0,,
2168,[],0,,
2178,[],0,,
2184,[],0,,
2227,[],0,,
2231,[],0,,
2237,[],0,,
2245,[],0,,
2246,[],0,,
2252,[],0,,
2255,[],0,,
2256,[],0,,
2258,[],0,,
2259,[],0,,
2263,[],0,,
2264,[],0,,
2266,[],0,,
2268,[],0,,
2273,[],0,,
2274,[],0,,
2280,[],0,,
2294,[],0,,
2298,[],0,,
2301,[],0,,
2302,[],0,,
2303,[],0,,
2304,[],0,,
2308,[],0,,
2328,[],0,,
2332,[],0,,
2334,[],0,,
2338,[],0,,
2368,[],0,,
2371,[],0,,
2373,[],0,,
2377,[],0,,
2381,[],0,,
2384,[],0,,
2387,[],0,,
2392,[],0,,
2396,[],0,,
2401,[],0,,
2437,[],0,,
2447,[],0,,
2449,[],0,,
2453,[],0,,
2457,[],0,,
2459,[],0,,
2486,[],0,,
2494,[],0,,
2506,[],0,,
2508,[],0,,
2520,[],0,,
2522,[],0,,
2535,[],0,,
2537,[],0,,
2550,[],0,,
2554,[],0,,
2565,[],0,,
2573,[],0,,
2574,[],0,,
2593,[],0,,
2594,[],0,,
2595,[],0,,
2604,[],0,,
2622,[],0,,
2629,[],0,,
2633,[],0,,
2636,[],0,,
2645,[],0,,
2646,[],0,,
2648,[],0,,
2673,[],0,,
2693,[],0,,
2704,[],0,,
2706,[],0,,
2731,[],0,,
2732,[],0,,
2733,[],0,,
2735,[],0,,
2755,[],0,,
2781,[],0,,
2787,[],0,,
2806,[],0,,
2808,[],0,,
2812,[],0,,
2817,[],0,,
2823,[],0,,
2838,[],0,,
2846,[],0,,
2849,[],0,,
2852,[],0,,
2880,[],0,,
2886,[],0,,
2903,[],0,,
2904,[],0,,
2905,[],0,,
2910,[],0,,
2912,[],0,,
2915,[],0,,
2919,[],0,,
2926,[],0,,
2927,[],0,,
2938,[],0,,
2960,[],0,,
2978,[],0,,
2989,[],0,,
3018,[],0,,
3023,[],0,,
3024,[],0,,
3028,[],0,,
3049,[],0,,
3057,[],0,,
3061,[],0,,
3066,[],0,,
3079,[],0,,
3085,[],0,,
3087,[],0,,
3088,[],0,,
3105,[],0,,
3110,[],0,,
3112,[],0,,
3116,[],0,,
3119,[],0,,
3149,[],0,,
3156,[],0,,
3174,[],0,,
3179,[],0,,
3189,[],0,,
3190,[],0,,
3191,[],0,,
3192,[],0,,
3204,[],0,,
3212,[],0,,
3224,[],0,,
3229,[],0,,
3230,[],0,,
3236,[],0,,
3259,[],0,,
3261,[],0,,
3262,[],0,,
3264,[],0,,
3265,[],0,,
3280,[],0,,
3284,[],0,,
3285,[],0,,
3288,[],0,,
3290,[],0,,
3292,[],0,,
3311,[],0,,
3312,[],0,,
3313,[],0,,
3318,[],0,,
3323,[],0,,
3325,[],0,,
3326,[],0,,
3327,[],0,,
3329,[],0,,
3331,[],0,,
3332,[],0,,
3339,[],0,,
3340,[],0,,
3348,[],0,,
3357,[],0,,
3367,[],0,,
3383,[],0,,
3385,[],0,,
3388,[],0,,
3404,[],0,,
3413,[],0,,
3414,[],0,,
3420,[],0,,
3428,[],0,,
3431,[],0,,
3435,[],0,,
3441,[],0,,
3448,[],0,,
3455,[],0,,
3458,[],0,,
3459,[],0,,
3460,[],0,,
3463,[],0,,
3486,[],0,,
3492,[],0,,
3502,[],0,,
3508,[],0,,
3516,[],0,,
3523,[],0,,
3530,[],0,,
3538,[],0,,
3542,[],0,,
3545,[],0,,
3556,[],0,,
3566,[],0,,
3580,[],0,,
3581,[],0,,
3588,[],0,,
3598,[],0,,
3601,[],0,,
3603,[],0,,
3605,[],0,,
3608,[],0,,
3611,[],0,,
3613,[],0,,
3617,[],0,,
3622,[],0,,
3629,[],0,,
3632,[],0,,
3641,[],0,,
3642,[],0,,
3648,[],0,,
3653,[],0,,
3656,[],0,,
3665,[],0,,
3666,[],0,,
3672,[],0,,
3680,[],0,,
3687,[],0,,
3713,[],0,,
3723,[],0,,
3730,[],0,,
3731,[],0,,
3732,[],0,,
3733,[],0,,
3741,[],0,,
3744,[],0,,
3761,[],0,,
3767,[],0,,
3768,[],0,,
3776,[],0,,
3779,[],0,,
3795,[],0,,
3798,[],0,,
3813,[],0,,
3817,[],0,,
3822,[],0,,
3834,[],0,,
3840,[],0,,
3841,[],0,,
3842,[],0,,
3858,[],0,,
3859,[],0,,
3860,[],0,,
3862,[],0,,
3863,[],0,,
3865,[],0,,
3866,[],0,,
3868,[],0,,
3880,[],0,,
3886,[],0,,
3890,[],0,,
3891,[],0,,
3892,[],0,,
3893,[],0,,
3903,[],0,,
3910,[],0,,
3911,[],0,,
3915,[],0,,
3917,[],0,,
3926,[],0,,
3939,[],0,,
3947,[],0,,
3949,[],0,,
3973,[],0,,
3982,[],0,,
3989,[],0,,
3991,[],0,,
3992,[],0,,
3994,[],0,,
4004,[],0,,
4006,[],0,,
4009,[],0,,
4010,[],0,,
4011,[],0,,
4018,[],0,,
4024,[],0,,
4028,[],0,,
4035,[],0,,
4036,[],0,,
4037,[],0,,
4050,[],0,,
4067,[],0,,
4080,[],0,,
4114,[],0,,
4117,[],0,,
4119,[],0,,
4122,[],0,,
4128,[],0,,
4145,[],0,,
4151,[],0,,
4153,[],0,,
4168,[],0,,
4169,[],0,,
4170,[],0,,
4179,[],0,,
4180,[],0,,
4183,[],0,,
4186,[],0,,
4188,[],0,,
4198,[],0,,
4202,[],0,,
4226,[],0,,
4233,[],0,,
4235,[],0,,
4236,[],0,,
4240,[],0,,
4244,[],0,,
4247,[],0,,
4281,[],0,,
4282,[],0,,
4284,[],0,,
4287,[],0,,
4288,[],0,,
4293,[],0,,
4302,[],0,,
4303,[],0,,
4310,[],0,,
4314,[],0,,
4315,[],0,,
4317,[],0,,
4321,[],0,,
4346,[],0,,
4354,[],0,,
4396,[],0,,
4406,[],0,,
4412,[],0,,
4414,[],0,,
4421,[],0,,
4422,[],0,,
4452,[],0,,
4455,[],0,,
4457,[],0,,
4458,[],0,,
4460,[],0,,
4464,[],0,,
4467,[],0,,
4468,[],0,,
4469,[],0,,
4474,[],0,,
4475,[],0,,
4479,[],0,,
4480,[],0,,
4481,[],0,,
4482,[],0,,
4485,[],0,,
4488,[],0,,
4501,[],0,,
4503,[],0,,
4505,[],0,,
4508,[],0,,
4511,[],0,,
4512,[],0,,
4513,[],0,,
4517,[],0,,
4519,[],0,,
4520,[],0,,
4523,[],0,,
4524,[],0,,
4525,[],0,,
4536,[],0,,
4538,[],0,,
4551,[],0,,
4567,[],0,,
4570,[],0,,
4571,[],0,,
4572,[],0,,
4574,[],0,,
4575,[],0,,
4582,[],0,,
4583,[],0,,
4589,[],0,,
4590,[],0,,
4598,[],0,,
4601,[],0,,
4616,[],0,,
4622,[],0,,
4627,[],0,,
4642,[],0,,
4646,[],0,,
4647,[],0,,
4654,[],0,,
4656,[],0,,
4660,[],0,,
4661,[],0,,
4685,[],0,,
4688,[],0,,
4694,[],0,,
4695,[],0,,
4696,[],0,,
4698,[],0,,
4715,[],0,,
4722,[],0,,
4730,[],0,,
4731,[],0,,
4741,[],0,,
4743,[],0,,
4756,[],0,,
4757,[],0,,
4759,[],0,,
4765,[],0,,
4770,[],0,,
4784,[],0,,
4792,[],0,,
4796,[],0,,
4802,[],0,,
4803,[],0,,
4823,[],0,,
4826,[],0,,
4842,[],0,,
4848,[],0,,
4870,[],0,,
4871,[],0,,
4880,[],0,,
4896,[],0,,
4904,[],0,,
4912,[],0,,
4913,[],0,,
4914,[],0,,
4916,[],0,,
4926,[],0,,
4930,[],0,,
4931,[],0,,
4932,[],0,,
4933,[],0,,
4954,[],0,,
4956,[],0,,
4959,[],0,,
4960,[],0,,
4964,[],0,,
4967,[],0,,
4976,[],0,,
4978,[],0,,
4991,[],0,,
4997,[],0,,
4998,[],0,,
5002,[],0,,
5009,[],0,,
5022,[],0,,
5023,[],0,,
5024,[],0,,
5025,[],0,,
5027,[],0,,
5031,[],0,,
5032,[],0,,
5034,[],0,,
5046,[],0,,
5049,[],0,,
5054,[],0,,
5057,[],0,,
5058,[],0,,
5070,[],0,,
5076,[],0,,
5090,[],0,,
5091,[],0,,
5092,[],0,,
5098,[],0,,
5102,[],0,,
5105,[],0,,
5106,[],0,,
5109,[],0,,
5114,[],0,,
5115,[],0,,
5119,[],0,,
5122,[],0,,
5124,[],0,,
5126,[],0,,
5137,[],0,,
5139,[],0,,
5144,[],0,,
5147,[],0,,
5161,[],0,,
5162,[],0,,
5168,[],0,,
5178,[],0,,
5182,[],0,,
5189,[],0,,
5191,[],0,,
5196,[],0,,
5219,[],0,,
5222,[],0,,
5228,[],0,,
5229,[],0,,
5231,[],0,,
5233,[],0,,
5236,[],0,,
5255,[],0,,
5256,[],0,,
5257,[],0,,
5258,[],0,,
5259,[],0,,
5260,[],0,,
5262,[],0,,
5263,[],0,,
5267,[],0,,
5277,[],0,,
5281,[],0,,
5285,[],0,,
5288,[],0,,
5296,[],0,,
5318,[],0,,
5321,[],0,,
5323,[],0,,
5335,[],0,,
5336,[],0,,
5337,[],0,,
5348,[],0,,
5359,[],0,,
5360,[],0,,
5361,[],0,,
5362,[],0,,
5364,[],0,,
5372,[],0,,
5373,[],0,,
5381,[],0,,
5388,[],0,,
5393,[],0,,
5404,[],0,,
5407,[],0,,
5424,[],0,,
5425,[],0,,
5432,[],0,,
5433,[],0,,
5435,[],0,,
5438,[],0,,
5456,[],0,,
5464,[],0,,
5465,[],0,,
5476,[],0,,
5484,[],0,,
5502,[],0,,
5503,[],0,,
5504,[],0,,
5518,[],0,,
5524,[],0,,
5530,[],0,,
5536,[],0,,
5538,[],0,,
5545,[],0,,
5555,[],0,,
5576,[],0,,
5580,[],0,,
5583,[],0,,
5589,[],0,,
5591,[],0,,
5593,[],0,,
5604,[],0,,
5615,[],0,,
5616,[],0,,
5617,[],0,,
5626,[],0,,
5627,[],0,,
5628,[],0,,
5639,[],0,,
5646,[],0,,
5649,[],0,,
5661,[],0,,
5672,[],0,,
5674,[],0,,
5691,[],0,,
5698,[],0,,
5707,[],0,,
5717,[],0,,
5725,[],0,,
5730,[],0,,
5731,[],0,,
5732,[],0,,
5733,[],0,,
5738,[],0,,
5759,[],0,,
5760,[],0,,
5763,[],0,,
5766,[],0,,
5777,[],0,,
5781,[],0,,
5784,[],0,,
5789,[],0,,
5794,[],0,,
5798,[],0,,
5801,[],0,,
5802,[],0,,
5804,[],0,,
5806,[],0,,
5812,[],0,,
5819,[],0,,
5831,[],0,,
5832,[],0,,
5839,[],0,,
5848,[],0,,
5854,[],0,,
5861,[],0,,
5863,[],0,,
5870,[],0,,
5874,[],0,,
5875,[],0,,
5888,[],0,,
5898,[],0,,
5901,[],0,,
5910,[],0,,
5921,[],0,,
5923,[],0,,
5927,[],0,,
5935,[],0,,
5938,[],0,,
5939,[],0,,
5941,[],0,,
5946,[],0,,
5954,[],0,,
5956,[],0,,
5957,[],0,,
5962,[],0,,
5964,[],0,,
5973,[],0,,
5977,[],0,,
5985,[],0,,
5987,[],0,,
5989,[],0,,
5990,[],0,,
6009,[],0,,
6012,[],0,,
6015,[],0,,
6017,[],0,,
6030,[],0,,
6031,[],0,,
6035,[],0,,
6044,[],0,,
6045,[],0,,
6047,[],0,,
6048,[],0,,
6049,[],0,,
6050,[],0,,
6063,[],0,,
6068,[],0,,
6075,[],0,,
6086,[],0,,
6090,[],0,,
6109,[],0,,
6110,[],0,,
6116,[],0,,
6122,[],0,,
6128,[],0,,
6130,[],0,,
6134,[],0,,
6137,[],0,,
6141,[],0,,
6152,[],0,,
6154,[],0,,
6155,[],0,,
6167,[],0,,
6189,[],0,,
6193,[],0,,
6197,[],0,,
6203,[],0,,
6210,[],0,,
6223,[],0,,
6230,[],0,,
6231,[],0,,
6236,[],0,,
6237,[],0,,
6240,[],0,,
6241,[],0,,
6242,[],0,,
6243,[],0,,
6249,[],0,,
6252,[],0,,
6256,[],0,,
6260,[],0,,
6266,[],0,,
6270,[],0,,
6283,[],0,,
6287,[],0,,
6295,[],0,,
6296,[],0,,
6306,[],0,,
6313,[],0,,
6321,[],0,,
6324,[],0,,
6332,[],0,,
6335,[],0,,
6336,[],0,,
6338,[],0,,
6350,[],0,,
6352,[],0,,
6362,[],0,,
6364,[],0,,
6370,[],0,,
6376,[],0,,
6381,[],0,,
6384,[],0,,
6386,[],0,,
6408,[],0,,
6415,[],0,,
6416,[],0,,
6430,[],0,,
6431,[],0,,
6446,[],0,,
6447,[],0,,
6451,[],0,,
6454,[],0,,
6458,[],0,,
6465,[],0,,
6466,[],0,,
6469,[],0,,
6477,[],0,,
6492,[],0,,
6497,[],0,,
6501,[],0,,
6502,[],0,,
6503,[],0,,
6505,[],0,,
6507,[],0,,
6509,[],0,,
6521,[],0,,
6527,[],0,,
6532,[],0,,
6533,[],0,,
6541,[],0,,
6544,[],0,,
6545,[],0,,
6546,[],0,,
6587,[],0,,
6588,[],0,,
6595,[],0,,
6601,[],0,,
6609,[],0,,
6630,[],0,,
6637,[],0,,
6638,[],0,,
6642,[],0,,
6652,[],0,,
6659,[],0,,
6665,[],0,,
6681,[],0,,
6682,[],0,,
6692,[],0,,
6694,[],0,,
6696,[],0,,
6698,[],0,,
6703,[],0,,
6710,[],0,,
6711,[],0,,
6714,[],0,,
6715,[],0,,
6716,[],0,,
6721,[],0,,
6726,[],0,,
6729,[],0,,
6730,[],0,,
6731,[],0,,
6733,[],0,,
6736,[],0,,
6742,[],0,,
6749,[],0,,
6750,[],0,,
6758,[],0,,
6759,[],0,,
6763,[],0,,
6773,[],0,,
6794,[],0,,
6796,[],0,,
6797,[],0,,
6798,[],0,,
6801,[],0,,
6809,[],0,,
6838,[],0,,
6843,[],0,,
6844,[],0,,
6848,[],0,,
6849,[],0,,
6851,[],0,,
6854,[],0,,
6855,[],0,,
6857,[],0,,
6871,[],0,,
6874,[],0,,
6896,[],0,,
6901,[],0,,
6903,[],0,,
6904,[],0,,
6910,[],0,,
6917,[],0,,
6920,[],0,,
6929,[],0,,
6931,[],0,,
6932,[],0,,
6940,[],0,,
6947,[],0,,
6954,[],0,,
6955,[],0,,
6958,[],0,,
6968,[],0,,
6976,[],0,,
6986,[],0,,
6990,[],0,,
7002,[],0,,
7003,[],0,,
7005,[],0,,
7006,[],0,,
7008,[],0,,
7016,[],0,,
7027,[],0,,
7030,[],0,,
7035,[],0,,
7044,[],0,,
7046,[],0,,
7064,[],0,,
7065,[],0,,
7088,[],0,,
7089,[],0,,
7090,[],0,,
7091,[],0,,
7095,[],0,,
7097,[],0,,
7104,[],0,,
7105,[],0,,
7111,[],0,,
7118,[],0,,
7139,[],0,,
7145,[],0,,
7151,[],0,,
7158,[],0,,
7159,[],0,,
7161,[],0,,
7162,[],0,,
7181,[],0,,
7195,[],0,,
7197,[],0,,
7198,[],0,,
7199,[],0,,
7200,[],0,,
7203,[],0,,
7223,[],0,,
7231,[],0,,
7232,[],0,,
7233,[],0,,
7235,[],0,,
7239,[],0,,
7240,[],0,,
7243,[],0,,
7244,[],0,,
7247,[],0,,
7252,[],0,,
7253,[],0,,
7254,[],0,,
7259,[],0,,
7261,[],0,,
7265,[],0,,
7266,[],0,,
7270,[],0,,
7272,[],0,,
7273,[],0,,
7277,[],0,,
7281,[],0,,
7293,[],0,,
7294,[],0,,
7302,[],0,,
7310,[],0,,
7315,[],0,,
7316,[],0,,
7329,[],0,,
7339,[],0,,
7351,[],0,,
7373,[],0,,
7377,[],0,,
7380,[],0,,
7390,[],0,,
7393,[],0,,
7395,[],0,,
7398,[],0,,
7405,[],0,,
7408,[],0,,
7410,[],0,,
7425,[],0,,
7428,[],0,,
7431,[],0,,
7433,[],0,,
7434,[],0,,
7452,[],0,,
7453,[],0,,
7459,[],0,,
7462,[],0,,
7463,[],0,,
7464,[],0,,
7468,[],0,,
7469,[],0,,
7472,[],0,,
7480,[],0,,
7486,[],0,,
7489,[],0,,
7490,[],0,,
7495,[],0,,
7497,[],0,,
7502,[],0,,
7509,[],0,,
7522,[],0,,
7529,[],0,,
7530,[],0,,
7532,[],0,,
7539,[],0,,
7540,[],0,,
7541,[],0,,
7542,[],0,,
7544,[],0,,
7545,[],0,,
7549,[],0,,
7564,[],0,,
7565,[],0,,
7578,[],0,,
7585,[],0,,
7595,[],0,,
7597,[],0,,
7613,[],0,,
7614,[],0,,
7615,[],0,,
7622,[],0,,
7628,[],0,,
7635,[],0,,
7636,[],0,,
7639,[],0,,
7643,[],0,,
7662,[],0,,
7664,[],0,,
7667,[],0,,
7681,[],0,,
7692,[],0,,
7699,[],0,,
7701,[],0,,
7714,[],0,,
7728,[],0,,
7736,[],0,,
7745,[],0,,
7747,[],0,,
7749,[],0,,
7761,[],0,,
7762,[],0,,
7763,[],0,,
7773,[],0,,
7807,[],0,,
7808,[],0,,
7809,[],0,,
7811,[],0,,
7833,[],0,,
7840,[],0,,
7848,[],0,,
7852,[],0,,
7865,[],0,,
7866,[],0,,
7867,[],0,,
7868,[],0,,
7877,[],0,,
7878,[],0,,
7879,[],0,,
7888,[],0,,
7889,[],0,,
7912,[],0,,
7913,[],0,,
7932,[],0,,
7940,[],0,,
7951,[],0,,
7952,[],0,,
7953,[],0,,
7958,[],0,,
7967,[],0,,
7970,[],0,,
7972,[],0,,
7977,[],0,,
7989,[],0,,
7992,[],0,,
7996,[],0,,
8009,[],0,,
8010,[],0,,
8015,[],0,,
8030,[],0,,
8033,[],0,,
8053,[],0,,
8054,[],0,,
8055,[],0,,
8056,[],0,,
8063,[],0,,
8068,[],0,,
8075,[],0,,
8089,[],0,,
8098,[],0,,
8107,[],0,,
8119,[],0,,
8120,[],0,,
8122,[],0,,
8133,[],0,,
8141,[],0,,
8147,[],0,,
8148,[],0,,
8164,[],0,,
8181,[],0,,
8182,[],0,,
8183,[],0,,
8187,[],0,,
8208,[],0,,
8217,[],0,,
8220,[],0,,
8224,[],0,,
8227,[],0,,
8237,[],0,,
8255,[],0,,
8259,[],0,,
8262,[],0,,
8264,[],0,,
8265,[],0,,
8269,[],0,,
8274,[],0,,
8286,[],0,,
8300,[],0,,
8314,[],0,,
8315,[],0,,
8323,[],0,,
8331,[],0,,
8334,[],0,,
8343,[],0,,
8344,[],0,,
8349,[],0,,
8373,[],0,,
8409,[],0,,
8421,[],0,,
8437,[],0,,
8438,[],0,,
8439,[],0,,
8440,[],0,,
8443,[],0,,
8446,[],0,,
8452,[],0,,
8457,[],0,,
8458,[],0,,
8463,[],0,,
8464,[],0,,
8466,[],0,,
8470,[],0,,
8473,[],0,,
8474,[],0,,
8492,[],0,,
8493,[],0,,
8495,[],0,,
8496,[],0,,
8497,[],0,,
8498,[],0,,
8506,[],0,,
8507,[],0,,
8508,[],0,,
8511,[],0,,
8514,[],0,,
8520,[],0,,
8521,[],0,,
8525,[],0,,
8540,[],0,,
8543,[],0,,
8544,[],0,,
8554,[],0,,
8555,[],0,,
8569,[],0,,
8580,[],0,,
8590,[],0,,
8591,[],0,,
8594,[],0,,
8600,[],0,,
8605,[],0,,
8606,[],0,,
8607,[],0,,
8608,[],0,,
8613,[],0,,
8616,[],0,,
8617,[],0,,
8621,[],0,,
8627,[],0,,
8640,[],0,,
8641,[],0,,
8656,[],0,,
8657,[],0,,
8659,[],0,,
8662,[],0,,
8673,[],0,,
8688,[],0,,
8689,[],0,,
8723,[],0,,
8727,[],0,,
8734,[],0,,
8743,[],0,,
8748,[],0,,
8759,[],0,,
8760,[],0,,
8785,[],0,,
8787,[],0,,
8792,[],0,,
8794,[],0,,
8805,[],0,,
8807,[],0,,
8824,[],0,,
8827,[],0,,
8830,[],0,,
8839,[],0,,
8841,[],0,,
8842,[],0,,
8846,[],0,,
8847,[],0,,
8848,[],0,,
8856,[],0,,
8864,[],0,,
8870,[],0,,
8876,[],0,,
8881,[],0,,
8888,[],0,,
8898,[],0,,
8904,[],0,,
8905,[],0,,
8909,[],0,,
8922,[],0,,
8927,[],0,,
8932,[],0,,
8941,[],0,,
8942,[],0,,
8959,[],0,,
8970,[],0,,
8977,[],0,,
8984,[],0,,
8990,[],0,,
8998,[],0,,
9001,[],0,,
9002,[],0,,
9024,[],0,,
9034,[],0,,
9040,[],0,,
9042,[],0,,
9043,[],0,,
9051,[],0,,
9056,[],0,,
9057,[],0,,
9061,[],0,,
9073,[],0,,
9074,[],0,,
9091,[],0,,
9095,[],0,,
9097,[],0,,
9111,[],0,,
9113,[],0,,
9134,[],0,,
9144,[],0,,
9148,[],0,,
9163,[],0,,
9165,[],0,,
9167,[],0,,
9171,[],0,,
9177,[],0,,
9189,[],0,,
9193,[],0,,
9203,[],0,,
9204,[],0,,
9208,[],0,,
9215,[],0,,
9218,[],0,,
9227,[],0,,
9230,[],0,,
9231,[],0,,
9237,[],0,,
9253,[],0,,
9254,[],0,,
9260,[],0,,
9264,[],0,,
9309,[],0,,
9316,[],0,,
9321,[],0,,
9361,[],0,,
